number,main ref,img,title,curPrice,originalPrice,sold,soldPercent
1,//aliexpress.ru/item/4001082068196.html?pdp_ext_f=%7B%22sku_id%22:%2212000018018889885%22,%22ship_from%22:%22CN%22%7D&gps-id=5547572&scm=1007.19201.130907.0&scm_id=1007.19201.130907.0&scm-url=1007.19201.130907.0&pvid=9dd06595-61b3-4b91-83ee-b5c2b9615105,//ae01.alicdn.com/kf/Hea329ca1fd26456f83ce1ebf4c6e3cbbS.jpg_350x350.jpg,Rosabeauty 30 32 inch 13x4 Straight Lace Front Wig Peruvian Human Hair 4x4 5X5 13X6 Transparent Lace Closure Frontal Wigs,US $51.12,US $98.31 | 48% off,3690 Sold,NaN% Claimed
2,//aliexpress.ru/item/4000943018191.html?pdp_ext_f=%7B%22sku_id%22:%2210000014305594737%22,%22ship_from%22:%22US%22%7D&gps-id=5547572&scm=1007.19201.130907.0&scm_id=1007.19201.130907.0&scm-url=1007.19201.130907.0&pvid=9dd06595-61b3-4b91-83ee-b5c2b9615105,//ae01.alicdn.com/kf/Hc7e0807063554a2eb26399dc5814cc39Q.jpg_350x350.jpg,SVT Indian Deep Curly Lace Front Wig Human Hair Wigs For Black Women Deep Wave 4x4 Glueless Lace Closure Wig Prelucked Hairline,US $193.00,US $316.40 | 39% off,6083 Sold,NaN% Claimed
3,//aliexpress.ru/item/1005002449179324.html?pdp_ext_f=%7B%22sku_id%22:%2212000020698139514%22,%22ship_from%22:%22US%22%7D&gps-id=5547572&scm=1007.19201.130907.0&scm_id=1007.19201.130907.0&scm-url=1007.19201.130907.0&pvid=9dd06595-61b3-4b91-83ee-b5c2b9615105,//ae01.alicdn.com/kf/Hbbdcbe416c4c45688e295f6af33b7fc6C.jpg_350x350.jpg,30 Inch Body Wave Lace Front Wig 13x4 Lace Frontal Human Hair Wigs for Black Women Brazilian Pre-plucked HD Loose Deep Wave Wigs,US $239.58,US $479.16 | 50% off,792 Sold,NaN% Claimed
4,//aliexpress.ru/item/4000203480306.html?pdp_ext_f=%7B%22sku_id%22:%2210000000774745001%22,%22ship_from%22:%22%22%7D&gps-id=5547572&scm=1007.19201.130907.0&scm_id=1007.19201.130907.0&scm-url=1007.19201.130907.0&pvid=9dd06595-61b3-4b91-83ee-b5c2b9615105,//ae01.alicdn.com/kf/H450064a48b1d4b8cbb50cc769c9ca384E.jpg_350x350.jpg,Vnox Basic Punk Stainless Steel Necklace for Men Women Curb Cuban Link Chain Chokers Vintage Black Gold Tone Solid Metal,US $0.01,US $1.98 | 99% off,41390 Sold,NaN% Claimed
5,//aliexpress.ru/item/1005001780778399.html?pdp_ext_f=%7B%22sku_id%22:%2212000020547969425%22,%22ship_from%22:%22%22%7D&gps-id=5547572&scm=1007.19201.130907.0&scm_id=1007.19201.130907.0&scm-url=1007.19201.130907.0&pvid=9dd06595-61b3-4b91-83ee-b5c2b9615105,//ae01.alicdn.com/kf/H3a3b46de12504a54967e79563367e5f4b.jpg_350x350.jpg,Women Thick Platform Slippers Summer Beach Eva Soft Sole Slide Sandals Leisure Men Ladies Indoor Bathroom Anti-slip Shoes,US $9.86,US $19.73 | 50% off,51186 Sold,NaN% Claimed
6,//aliexpress.ru/item/1005002278750230.html?pdp_ext_f=%7B%22sku_id%22:%2212000019885913794%22,%22ship_from%22:%22ES%22%7D&gps-id=5547572&scm=1007.19201.130907.0&scm_id=1007.19201.130907.0&scm-url=1007.19201.130907.0&pvid=9dd06595-61b3-4b91-83ee-b5c2b9615105,//ae01.alicdn.com/kf/H3194642cf29641eab1becd4353c1841dk.jpg_350x350.jpg,LIGE 2021 New Smart Watch Men Full Touch Screen Sport Fitness Watch IP67 Waterproof Bluetooth For Android ios smartwatch Men+box,US $22.21,US $138.83 | 84% off,21776 Sold,NaN% Claimed
7,//aliexpress.ru/item/1005002027438625.html?pdp_ext_f=%7B%22sku_id%22:%2212000018459277418%22,%22ship_from%22:%22%22%7D&gps-id=5547572&scm=1007.19201.130907.0&scm_id=1007.19201.130907.0&scm-url=1007.19201.130907.0&pvid=9dd06595-61b3-4b91-83ee-b5c2b9615105,//ae01.alicdn.com/kf/H00af76d45c734f618cd658ff550c479ar.jpg_350x350.jpg,Eilyken 2021 New Summer Fashion Design Weave Women Sandals Transparent Strange High heels Ladies Sandals Open Toe Shoes,US $19.81,US $39.62 | 50% off,5125 Sold,NaN% Claimed
8,//aliexpress.ru/item/4000517004580.html?pdp_ext_f=%7B%22sku_id%22:%2212000016191808432%22,%22ship_from%22:%22ES%22%7D&gps-id=5547572&scm=1007.19201.130907.0&scm_id=1007.19201.130907.0&scm-url=1007.19201.130907.0&pvid=9dd06595-61b3-4b91-83ee-b5c2b9615105,//ae01.alicdn.com/kf/H52b540a8f64144fc9842032a1439ea041.jpg_350x350.jpg,Deep Tissue Muscle Massage Gun Body Shoulder Back Neck Massager Exercising Athletes Relaxation Slimming Shaping Pain Relief,US $42.12,US $102.72 | 59% off,32978 Sold,NaN% Claimed
9,//aliexpress.ru/item/1005001737420626.html?pdp_ext_f=%7B%22sku_id%22:%2212000017393112833%22,%22ship_from%22:%22CN%22%7D&gps-id=5547572&scm=1007.19201.130907.0&scm_id=1007.19201.130907.0&scm-url=1007.19201.130907.0&pvid=9dd06595-61b3-4b91-83ee-b5c2b9615105,//ae01.alicdn.com/kf/H190e12a2077a45f88a3e280c6ab23c72a.jpg_350x350.jpg,Brazilian Curly Hair Headband Wig Glueless Scarf Remy Human Hair Wigs for Black Women Full Machine Made Wig Beginner Friendly,US $65.65,US $126.25 | 48% off,3448 Sold,NaN% Claimed
10,//aliexpress.ru/item/1005001774142805.html?pdp_ext_f=%7B%22sku_id%22:%2212000017520445752%22,%22ship_from%22:%22%22%7D&gps-id=5547572&scm=1007.19201.130907.0&scm_id=1007.19201.130907.0&scm-url=1007.19201.130907.0&pvid=9dd06595-61b3-4b91-83ee-b5c2b9615105,//ae01.alicdn.com/kf/Hb8b12577a8944ad1a1cee73143494015K.jpg_350x350.jpg,Jerry Curly Human Hair Wigs with Bangs Full Machine Made Wigs Highlight Honey Blonde Colored Wigs For Women Peruvian Remy Hair,US $43.78,US $398.00 | 89% off,5998 Sold,NaN% Claimed
11,//aliexpress.ru/item/4000469754522.html?pdp_ext_f=%7B%22sku_id%22:%2212000021918827990%22,%22ship_from%22:%22RU%22%7D&gps-id=5547572&scm=1007.19201.130907.0&scm_id=1007.19201.130907.0&scm-url=1007.19201.130907.0&pvid=9dd06595-61b3-4b91-83ee-b5c2b9615105,//ae01.alicdn.com/kf/Hc59b5f1882184574a98c505b8a2a6ca87.jpg_350x350.jpg,3500mAh Wireless Earphones Bluetooth-Compatible V5.0 TWS Wireless Headphones LED Display With Power Bank Headset With Microphone,US $15.29,US $89.95 | 83% off,5964 Sold,NaN% Claimed
12,//aliexpress.ru/item/32949276208.html?pdp_ext_f=%7B%22sku_id%22:%2212000016731438538%22,%22ship_from%22:%22%22%7D&gps-id=5547572&scm=1007.19201.130907.0&scm_id=1007.19201.130907.0&scm-url=1007.19201.130907.0&pvid=9dd06595-61b3-4b91-83ee-b5c2b9615105,//ae01.alicdn.com/kf/H3340e966101b4958aabebb634c5bd303G.jpg_350x350.jpg,2021 New Arrival Fashion Luxury 925 Sterling Silver Pink CZ Drop Stud Earing For Women Valentine's Day Gift Z5,US $0.99,US $4.99 | 80% off,8673 Sold,NaN% Claimed
13,//aliexpress.ru/item/32974221382.html?pdp_ext_f=%7B%22sku_id%22:%2212000016824039283%22,%22ship_from%22:%22US%22%7D&gps-id=5547572&scm=1007.19201.130907.0&scm_id=1007.19201.130907.0&scm-url=1007.19201.130907.0&pvid=ec299fbb-cfd9-473e-b15c-c72ab318450c,//ae01.alicdn.com/kf/Hf04642da2f1b4b24964d76eb482dcb2aN.png_350x350.png,Ali Grace Body Wave Lace Front Wig 28 inch Body Wave Human Hair Wigs for Women Brazilian Pre-Plucked Lace Front Human Hair Wigs,US $60.54,US $134.54 | 55% off,4203 Sold,NaN% Claimed
14,//aliexpress.ru/item/1005001929521247.html?pdp_ext_f=%7B%22sku_id%22:%2212000021204198335%22,%22ship_from%22:%22CN%22%7D&gps-id=5547572&scm=1007.19201.130907.0&scm_id=1007.19201.130907.0&scm-url=1007.19201.130907.0&pvid=ec299fbb-cfd9-473e-b15c-c72ab318450c,//ae01.alicdn.com/kf/H14e35ac149574959b0a71b553be5ac5e8.jpg_350x350.jpg,Curly Human Hair Wig Lace Front Human Hair Wigs Brazilian Deep Wave Wig Transparent Lace Wig Pre Plucked Wig With Baby Hair,US $64.80,US $360.00 | 82% off,1695 Sold,NaN% Claimed
15,//aliexpress.ru/item/1005002746222316.html?pdp_ext_f=%7B%22sku_id%22:%2212000021946306612%22,%22ship_from%22:%22%22%7D&gps-id=5547572&scm=1007.19201.130907.0&scm_id=1007.19201.130907.0&scm-url=1007.19201.130907.0&pvid=ec299fbb-cfd9-473e-b15c-c72ab318450c,//ae01.alicdn.com/kf/Hc0db22bd242e40f9b298d3eee0e1d32ah.jpg_350x350.jpg,NAVIFORCE Men's Watches 2021 Luxury Gold Business Classic Quartz Clock Analog Chronograph Sport Waterproof Steel Band Wristwatch,US $21.49,US $49.98 | 57% off,349 Sold,NaN% Claimed
16,//aliexpress.ru/item/1005001581424219.html?pdp_ext_f=%7B%22sku_id%22:%2212000016674250055%22,%22ship_from%22:%22%22%7D&gps-id=5547572&scm=1007.19201.130907.0&scm_id=1007.19201.130907.0&scm-url=1007.19201.130907.0&pvid=ec299fbb-cfd9-473e-b15c-c72ab318450c,//ae01.alicdn.com/kf/H1fb57713ead642619ff871f2076d9348e.jpg_350x350.jpg,Simenual Ruched Denim Blue High Wait Stacked Pants Autumn 2021 Women Clothing Streetwear Jeans Fashion Skinny Pockets Trousers,US $18.85,US $40.98 | 54% off,2219 Sold,NaN% Claimed
17,//aliexpress.ru/item/1005001618330761.html?pdp_ext_f=%7B%22sku_id%22:%2212000016838669386%22,%22ship_from%22:%22%22%7D&gps-id=5547572&scm=1007.19201.130907.0&scm_id=1007.19201.130907.0&scm-url=1007.19201.130907.0&pvid=ec299fbb-cfd9-473e-b15c-c72ab318450c,//ae01.alicdn.com/kf/Heb9d977e576944ac9f2c9e54bf19f490N.jpg_350x350.jpg,RED SIREN 1 Pair 25 mm Mink Eyelashes Fluffy Lashes Dramatic Messy Long False Eyelashes Makeup Wholesale 25mm 3d Mink Lashes,US $2.78,US $4.27 | 35% off,5715 Sold,NaN% Claimed
18,//aliexpress.ru/item/1005002259785187.html?pdp_ext_f=%7B%22sku_id%22:%2212000019732451280%22,%22ship_from%22:%22%22%7D&gps-id=5547572&scm=1007.19201.130907.0&scm_id=1007.19201.130907.0&scm-url=1007.19201.130907.0&pvid=ec299fbb-cfd9-473e-b15c-c72ab318450c,//ae01.alicdn.com/kf/H7e73e1f4c3c84d68838bb867d1ee6e39B.jpg_350x350.jpg,FSDA 2021 Print Knit Bodycon Dress Women Green Y2K Summer Hollow Out Sexy Sleeveless Spaghetti Strap Beach Midi Dresses Party,US $18.99,US $31.65 | 40% off,11447 Sold,NaN% Claimed
19,//aliexpress.ru/item/4000818797701.html?pdp_ext_f=%7B%22sku_id%22:%2212000019925887418%22,%22ship_from%22:%22%22%7D&gps-id=5547572&scm=1007.19201.130907.0&scm_id=1007.19201.130907.0&scm-url=1007.19201.130907.0&pvid=ec299fbb-cfd9-473e-b15c-c72ab318450c,//ae01.alicdn.com/kf/H14ca70f55f63497bb178c98c826ca022W.jpg_350x350.jpg,MAANGE Makeup Brushes Pro Pink Brush Set Powder EyeShadow Blending Eyeliner Eyelash Eyebrow Make up Beauty Cosmestic Brushes,US $0.01,US $3.32 | 99% off,20148 Sold,NaN% Claimed
20,//aliexpress.ru/item/32840627909.html?pdp_ext_f=%7B%22sku_id%22:%2212000021943058779%22,%22ship_from%22:%22CN%22%7D&gps-id=5547572&scm=1007.19201.130907.0&scm_id=1007.19201.130907.0&scm-url=1007.19201.130907.0&pvid=ec299fbb-cfd9-473e-b15c-c72ab318450c,//ae01.alicdn.com/kf/Hd94cf5f0daf04d32acc9abc636d5fe564.jpg_350x350.jpg,Sapphire 34" Bone Straight Bundles With Closure Brazilian Hair Weave Bundles With Closure Human Hair Bundles With Closure Remy,US $38.71,US $90.03 | 57% off,2610 Sold,NaN% Claimed
21,//aliexpress.ru/item/4000539506338.html?pdp_ext_f=%7B%22sku_id%22:%2212000016406259992%22,%22ship_from%22:%22CN%22%7D&gps-id=5547572&scm=1007.19201.130907.0&scm_id=1007.19201.130907.0&scm-url=1007.19201.130907.0&pvid=ec299fbb-cfd9-473e-b15c-c72ab318450c,//ae01.alicdn.com/kf/Ha9aac78e8d0549bb9c4d4fb805ba7ec49.jpg_350x350.jpg,TWS Bluetooth 5.0 Earphones 2200mAh Charging Box Wireless Headphone 9D Stereo Sports Waterproof Earbuds Headsets With Microphone,US $13.21,US $38.86 | 66% off,125461 Sold,NaN% Claimed
22,//aliexpress.ru/item/32982338666.html?pdp_ext_f=%7B%22sku_id%22:%2212000020564056666%22,%22ship_from%22:%22CN%22%7D&gps-id=5547572&scm=1007.19201.130907.0&scm_id=1007.19201.130907.0&scm-url=1007.19201.130907.0&pvid=ec299fbb-cfd9-473e-b15c-c72ab318450c,//ae01.alicdn.com/kf/H391b315a25064cfcbe5a2341dd12f8d51.jpg_350x350.jpg,CURREN Casual Sport Watches for Men Blue Top Brand Luxury Military Leather Wrist Watch Man Clock Fashion Chronograph Wristwatch,US $21.59,US $239.90 | 91% off,12194 Sold,NaN% Claimed
23,//aliexpress.ru/item/32877168257.html?pdp_ext_f=%7B%22sku_id%22:%2266415679589%22,%22ship_from%22:%22%22%7D&gps-id=5547572&scm=1007.19201.130907.0&scm_id=1007.19201.130907.0&scm-url=1007.19201.130907.0&pvid=ec299fbb-cfd9-473e-b15c-c72ab318450c,//ae01.alicdn.com/kf/H82202fed89594b46a3e2ba3898723a723.jpg_350x350.jpg,ROSALIND Gel Polish Set Manicure for Nails Semi Permanent Vernis top coat UV LED Gel Varnish Soak Off Nail Art Gel Nail Polish,US $1.03,US $1.99 | 48% off,79183 Sold,NaN% Claimed
24,//aliexpress.ru/item/4000320339371.html?pdp_ext_f=%7B%22sku_id%22:%2210000001323406099%22,%22ship_from%22:%22%22%7D&gps-id=5547572&scm=1007.19201.130907.0&scm_id=1007.19201.130907.0&scm-url=1007.19201.130907.0&pvid=ec299fbb-cfd9-473e-b15c-c72ab318450c,//ae01.alicdn.com/kf/H38bdeaace1f744008c837964f6a9c038c.jpg_350x350.jpg,25CM Wide Brim Oversized Beach Hats For Women Large Straw Hat UV Protection Foldable Sun Shade Hat Wholesale Dropshipping,US $11.89,US $33.98 | 65% off,3793 Sold,NaN% Claimed
